Rank,Male name,Female name
1,Michael,Mary
2,James,Debra
3,Robert,Linda
4,David,Deborah
5,John,Susan
6,William,Patricia
7,Richard,Karen
8,Mark,Cynthia
9,Thomas,Barbara
10,Steven,Donna
11,Charles,Nancy
12,Joseph,Pamela
13,Gary,Sharon
14,Donald,Sandra
15,Ronald,Diane
16,Kenneth,Carol
17,Paul,Kathleen
18,Daniel,Cheryl
19,Timothy,Brenda
20,Jeffrey,Kathy
21,Larry,Janet
22,Kevin,Elizabeth
23,Stephen,Denise
24,Gregory,Teresa
25,Edward,Margaret
26,Dennis,Janice
27,George,Rebecca
28,Randy,Catherine
29,Douglas,Robin
30,Anthony,Joyce
31,Terry,Lisa
32,Bruce,Theresa
33,Brian,Carolyn
34,Scott,Laura
35,Jerry,Judy
36,Keith,Cathy
37,Peter,Cindy
38,Frank,Kim
39,Raymond,Debbie
40,Patrick,Beverly
41,Roger,Shirley
42,Lawrence,Christine
43,Ricky,Connie
44,Alan,Betty
45,Wayne,Judith
46,Danny,Ann
47,Christopher,Paula
48,Carl,Julie
49,Gerald,Gail
50,Dale,Jane
51,Craig,Bonnie
52,Russell,Joan
53,Walter,Gloria
54,Randall,Sherry
55,Johnny,Sheila
56,Andrew,Diana
57,Jeffery,Vicki
58,Willie,Lynn
59,Steve,Martha
60,Arthur,Kathryn
61,Glenn,Wanda
62,Roy,Rhonda
63,Joe,Peggy
64,Philip,Rose
65,Rodney,Jean
66,Jack,Lori
67,Ralph,Katherine
68,Billy,Vickie
69,Barry,Jo
70,Stanley,Marilyn
71,Henry,Darlene
72,Harold,Dorothy
73,Martin,Kimberly
74,Samuel,Maria
75,Ronnie,Virginia
76,Phillip,Laurie
77,Bobby,Ruth
78,Jimmy,Jacqueline
79,Eric,Rita
80,Curtis,Valerie
81,Albert,Terri
82,Louis,Phyllis
83,Micheal,Anita
84,Howard,Ellen
85,Tony,Victoria
86,Eugene,Anne
87,Allen,Michelle
88,Darrell,Tina
89,Leonard,Elaine
90,Matthew,Helen
91,Frederick,Terry
92,Jay,Dawn
93,Eddie,Angela
94,Ernest,Suzanne
95,Harry,Wendy
96,Mike,Marie
97,Victor,Jennifer
98,Vincent,Alice
99,Dean,Joanne
100,Rick,Michele
101,Melvin,Jill
102,Fred,Maureen
103,Bradley,Anna
104,Lee,Leslie
105,Marvin,Sally
106,Joel,Renee
107,Norman,Frances
108,Jose,Sylvia
109,Calvin,Doris
110,Earl,Marcia
111,Francis,Stephanie
112,Rickey,Jeanne
113,Ray,Colleen
114,Jonathan,Sheryl
115,Tommy,Sarah
116,Jon,Roberta
117,Jerome,Beth
118,Kim,Annette
119,Theodore,Sue
120,Clarence,Evelyn
121,Alfred,Yvonne
122,Clifford,Amy
123,Don,Eileen
124,Edwin,Regina
125,Glen,Lorraine
126,Jesse,Loretta
127,Duane,Andrea
128,Chris,Gwendolyn
129,Gordon,Marsha
130,Bernard,Julia
131,Benjamin,Carla
132,Bryan,Charlene
133,Dan,Charlotte
134,Alvin,Glenda
135,Marc,Lois
136,Mitchell,Jan
137,Herbert,Dianne
138,Kurt,Norma
139,Dwight,Joann
140,Leroy,Joy
141,Warren,Constance
142,Brad,Melinda
143,Robin,Melanie
144,Reginald,Becky
145,Jeff,Vanessa
146,Nicholas,Vicky
147,Guy,Doreen
148,Jim,Vivian
149,Kent,Audrey
150,Karl,Melissa
151,Leslie,Toni
152,Vernon,Juanita
153,Garry,Patti
154,Leon,Kay
155,Todd,Melody
156,Lonnie,Lynne
157,Wesley,Janis
158,Lloyd,Penny
159,Gilbert,Irene
160,Bill,Jeanette
161,Tom,Debora
162,Kirk,Holly
163,Perry,Gayle
164,Jackie,Yolanda
165,Daryl,Louise
166,Carlos,Carmen
167,Franklin,Belinda
168,Lewis,Rosa
169,Gene,Monica
170,Neil,Marlene
171,Juan,Roxanne
172,Donnie,Christina
173,Floyd,Annie
174,Clyde,Dana
175,Tim,Geraldine
176,Lester,Rosemary
177,Dana,Sherri
178,Allan,Sara
179,Randolph,Ruby
180,Gerard,Jackie
181,Manuel,Gina
182,Greg,June
183,Kerry,Shelia
184,Leo,Lee
185,Charlie,Eva
186,Stuart,Claudia
187,Milton,Marjorie
188,Darryl,Delores
189,Kelly,Grace
190,Jimmie,Veronica
191,Ted,Arlene
192,Brent,Patsy
193,Rex,Lynda
194,Terrence,Jody
195,Gregg,Sheri
196,Freddie,Shelley
197,Tyrone,Rachel
198,Harvey,Dolores
199,Ruben,Ramona
200,Dave,Mildred
201,Randal,Lillian
202,Herman,Marianne
203,Maurice,Teri
204,Johnnie,Joni
205,Nathaniel,Edna
206,Aaron,Lydia
207,Chester,Marla
208,Lynn,Carrie
209,Byron,Esther
210,Antonio,Josephine
211,Alexander,Edith
212,Roland,Jayne
213,Arnold,Patty
214,Mario,Carole
215,Cecil,Janie
216,Fredrick,Candace
217,Oscar,Jacquelyn
218,Marshall,Karla
219,Lance,Tracy
220,Neal,Sheree
221,Ricardo,Pauline
222,Nathan,Lucy
223,Luis,Heidi
224,Wade,Priscilla
225,Marcus,Dianna
226,Terrance,Emma
227,Jessie,Sherrie
228,Bob,Nina
229,Wendell,Georgia
230,Marty,Emily
231,Claude,Margie
232,Clifton,Marian
233,Ross,Bobbie
234,Clayton,Paulette
235,Clinton,Robyn
236,Hugh,April
237,Sidney,Darla
238,Sam,Deanna
239,Joey,Luann
240,Wallace,Mona
241,Nelson,Laurel
242,Carlton,Bonita
243,Rocky,Nora
244,Terence,Gladys
245,Benny,Vera
246,Rickie,Jeannie
247,Edgar,Clara
248,Andre,Lynette
249,Jesus,Billie
250,Mickey,Sandy
251,Morris,Cathleen
252,Raul,Marion
253,Alex,Wilma
254,Derrick,Gale
255,Kenny,Ethel
256,Hector,Thelma
257,Dwayne,Therese
258,Lyle,Betsy
259,Geoffrey,Lou
260,Francisco,Maryann
261,Tracy,Lucille
262,Ron,Eleanor
263,Frankie,Cheri
264,Kelvin,Miriam
265,Roberto,Alicia
266,Max,Bernice
267,Marion,Jamie
268,Ben,Francine
269,Sammy,Beatrice
270,Bennie,Rosie
271,Rudy,Tanya
272,Earnest,Cecilia
273,Bradford,Kristine
274,Rudolph,Dora
275,Myron,Susie
276,Virgil,Ella
277,Troy,Claire
278,Clark,Iris
279,Otis,Faye
280,Ira,Ginger
281,Everett,Sabrina
282,Roderick,Antoinette
283,Andy,Bertha
284,Miguel,Alma
285,Ken,Nadine
286,Elmer,Florence
287,Willard,Lauren
288,Laurence,Crystal
289,Angelo,Ida
290,Stewart,Willie
291,Armando,Shelly
292,Loren,Lucinda
293,Ramon,Bernadette
294,Darrel,Cherie
295,Ivan,Patrice
296,Monte,Irma
297,Sylvester,Jeannette
298,Delbert,Myra
299,Derek,Jeri
300,Grant,Maxine
301,Luther,Yvette
302,Salvatore,Pam
303,Roosevelt,Christy
304,Alton,Terrie
305,Hal,Jana
306,Edmund,Candy
307,Felix,Ronda
308,Pedro,Dale
309,Pete,Kelly
310,Sean,Lillie
311,Malcolm,Rosemarie
312,Shawn,Cassandra
313,Lorenzo,Rochelle
314,Teddy,Faith
315,Cary,Hazel
316,Isaac,Stella
317,Jeffry,Gwen
318,Preston,Jenny
319,Archie,Nanette
320,Horace,Naomi
321,Rene,Kerry
322,Jacob,Trudy
323,Sherman,Tamara
324,Doyle,Karin
325,Leland,Candice
326,Fernando,Celeste
327,Rory,Susanne
328,Wilbert,Lorna
329,Julius,Caroline
330,Lowell,Adrienne
331,Jan,Jennie
332,Rodger,Shannon
333,Angel,Velma
334,Jerald,Lora
335,Nick,Jessie
336,Tommie,Lana
337,Denis,Marcella
338,Drew,Kristi
339,Clay,Leah
340,Hubert,Rosanne
341,Oliver,Cecelia
342,Stephan,Heather
343,Van,Marguerite
344,Kyle,Molly
345,Homer,Deloris
346,Unknown,Amanda
347,Gerry,Dixie
348,Julian,Hilda
349,Rafael,Sonia
350,Adrian,Janette
351,Willis,Rene
352,Forrest,Leigh
353,Jason,Natalie
354,Rusty,Chris
355,Ervin,Verna
356,Arturo,Shari
357,Alfredo,Kimberley
358,Freddy,Alison
359,Alonzo,Laverne
360,Ellis,Harriet
361,Elvis,Kathie
362,Pat,Rosalie
363,Sheldon,Janine
364,Dallas,Bridget
365,Timmy,Lorrie
366,Lionel,Jodi
367,Doug,Johnnie
368,Wilbur,Rosalind
369,Rufus,Gretchen
370,Dexter,Tonya
371,Al,Madeline
372,Owen,Celia
373,Jaime,Desiree
374,Stevie,Mattie
375,Mack,Cora
376,Adam,Polly
377,Brett,Shawn
378,Carroll,Mindy
379,Christian,Geneva
380,Dominic,Hope
381,Noel,Olga
382,Dewey,Guadalupe
383,Scot,Della
384,Monty,Unknown
385,Travis,Olivia
386,Bert,Lena
387,Boyd,Luanne
388,Alfonso,Ernestine
389,Alberto,Gay
390,Darwin,Freda
391,Jorge,Viola
392,Matt,Amelia
393,Aubrey,Leona
394,Dirk,Margarita
395,Grady,Lola
396,Marlon,Tracey
397,Carey,Lenora
398,Ronny,Bessie
399,Dewayne,Corinne
400,Evan,Margo
401,Vance,Ava
402,Irvin,Agnes
403,Royce,Jeanine
404,Curt,Dena
405,Casey,Camille
406,Blaine,Minnie
407,Conrad,Daisy
408,Buddy,Jolene
409,Gabriel,Noreen
410,Kirby,Nellie
411,Shane,Stacey
412,Chuck,Katie
413,Javier,Joanna
414,Orlando,Christie
415,Dominick,Delia
416,Phil,Leticia
417,Cleveland,Elsie
418,Ernie,Sonja
419,Sammie,Dee
420,Cornelius,Felicia
421,Edmond,Pearl
422,Miles,Ana
423,Emmett,Rena
424,Percy,Mae
425,Ernesto,Debby
426,Elbert,Ladonna
427,Louie,Stacy
428,Salvador,Jeanie
429,Robbie,Myrna
430,Abraham,Tara
431,Murray,Kristin
432,Darnell,Helene
433,Spencer,Reba
434,Christophe,Alberta
435,Kendall,Diann
436,Wilson,Robbie
437,Alphonso,Leanne
438,Guadalupe,Jerri
439,Corey,Pat
440,Dane,Katrina
441,Garland,Jeannine
442,Merle,Lorie
443,Jody,Lila
444,Marlin,Mitzi
445,Colin,Claudette
446,Jamie,Leann
447,Elton,Denice
448,Galen,Suzan
449,Norris,Dona
450,Blake,Colette
451,Sterling,Melodie
452,Julio,Flora
453,Rodolfo,Rae
454,Cedric,Eunice
455,Reed,Jessica
456,Justin,Glenna
457,Enrique,Isabel
458,Lamar,Jocelyn
459,Jess,Katharine
460,Winston,Nita
461,Zachary,Robbin
462,Wilfred,Allison
463,Ed,Kathi
464,Kris,Marcy
465,Joesph,Lynnette
466,Randell,Gayla
467,Audie,Ada
468,Barney,Randi
469,Clint,Elise
470,Wyatt,Marta
471,Bart,Frankie
472,Rocco,Sonya
473,Denny,Roxann
474,Ned,Hattie
475,Thaddeus,Althea
476,Harlan,Rosalyn
477,Erik,Sondra
478,Amos,Lea
479,Emanuel,Rosetta
480,Elliott,Penelope
481,Bryant,Sharlene
482,Eldon,Angie
483,Moses,Roslyn
484,Luke,Janelle
485,Seth,Kristy
486,Stan,Cathryn
487,Eddy,Violet
488,Sandy,Sharron
489,Toby,Suzette
490,Dannie,Adele
491,Joshua,Roseann
492,Lon,Henrietta
493,Damon,Mari
494,Harley,Mamie
495,Kennith,Bobbi
496,Eduardo,Melba
497,Grover,Estella
498,Woodrow,Trina
499,Mathew,Kaye
500,Junior,Kristina
501,Blair,Lorene
502,Cameron,Eloise
503,Austin,Elena
504,Michel,Geralyn
505,Donny,Kimberlee
506,Orville,Saundra
507,Billie,Shelby
508,Bennett,Valarie
509,Chad,Gertrude
510,Reynaldo,Gracie
511,Reuben,Darcy
512,Irving,Charmaine
513,Lanny,Dinah
514,Vaughn,Sallie
515,Abel,Vickey
516,Frederic,Lula
517,Ramiro,Eugenia
518,Linwood,Fay
519,Rod,Ruthie
520,Donnell,Antonia
521,Simon,Lauri
522,Carmen,Ivy
523,Russel,Teena
524,Sanford,Fannie
525,Ismael,Leesa
526,Gilberto,Elisabeth
527,Terrell,Elsa
528,Lamont,Jodie
529,Levi,Roxane
530,Cornell,Erma
531,Morgan,Malinda
532,Nolan,Erin
533,Israel,Marisa
534,Loyd,Eve
535,Mitchel,Coleen
536,Elijah,Lesa
537,Kip,Cherry
538,Erwin,Kris
539,Dwain,Lu
540,Ian,Caren
541,Lane,Ilene
542,Pablo,Carlene
543,Gale,Merry
544,Ward,Lesley
545,Burton,Deana
546,Dick,Kristie
547,Will,Dorothea
548,Winfred,Johanna
549,Ryan,Laureen
550,Bryce,Meredith
551,Danial,Elisa
552,Reid,Julianne
553,Dino,Avis
554,Harrison,Blanca
555,Elvin,Maggie
556,Mikel,Inez
557,Tomas,Benita
558,Cory,Bette
559,Felipe,Pamala
560,Rolando,Deena
561,Jerrold,Josie
562,Kermit,Nelda
563,August,Genevieve
564,Dudley,Kitty
565,Jasper,Lyn
566,Wiley,Rachelle
567,Thurman,Kathrine
568,Alejandro,Maryanne
569,Roman,Deirdre
570,Duncan,Dorene
571,Roscoe,Clare
572,Scotty,Rosalinda
573,Weldon,Debrah
574,Barton,Alfreda
575,Bobbie,Angelia
576,Carter,Jewel
577,Garth,Tena
578,Emil,Cheryle
579,Garrett,Geri
580,Vern,Patrica
581,Guillermo,Angelina
582,Rob,Daphne
583,Domingo,Caryn
584,Norbert,Christi
585,Brandon,Ingrid
586,Hank,Lorri
587,Jean,Roxie
588,Sergio,Earnestine
589,Val,Myrtle
590,Russ,Tammy
591,Gus,Etta
592,Shannon,Terese
593,Stacy,Greta
594,Ulysses,Debbra
595,Brady,Winifred
596,Jeremiah,Lavonne
597,Jonathon,Marva
598,Solomon,Maryellen
599,Reggie,Valorie
600,Kimberly,Cathie
601,Pierre,Georgette
602,Otto,Lenore
603,Hans,James
604,Jefferson,Kristen
605,Kurtis,Mable
606,Odell,Blanche
607,Lonny,Dolly
608,Bernie,Marilynn
609,Andres,Maura
610,Armand,Pattie
611,Fredric,Bettie
612,Jacky,Karon
613,Rogelio,Alisa
614,Bryon,Delois
615,Burt,Krista
616,Eli,Michael
617,Elwood,Rhoda
618,Kenton,Bonny
619,Santiago,Danette
620,Merlin,Sadie
621,Merrill,Cindi
622,Shelton,Kari
623,Coy,Lela
624,Ivory,Kendra
625,Nicky,Earlene
626,Donn,Silvia
627,Robby,Dawna
628,Cliff,Renae
629,Emery,Fern
630,Faron,Beverley
631,Tod,Luz
632,Wilfredo,Marcie
633,Mary,Sherrill
634,Elias,Ina
635,Hollis,Helena
636,Shaun,Ora
637,Elliot,Edwina
638,Jed,John
639,Sonny,Valeria
640,Vito,Gaye
641,Avery,Danielle
642,Charley,Lucia
643,Lyndon,Muriel
644,Butch,Arleen
645,Davis,Deanne
646,Jerold,Elvira
647,Noah,Nan
648,Quentin,Bambi
649,Jake,Cinda
650,Marco,Elva
651,Santos,Loraine
652,Rock,Nanci
653,Vince,Janell
654,Clement,Jerry
655,Keven,Robert
656,Tyler,Letha
657,Emory,Nettie
658,Riley,Nona
659,Adolph,Essie
660,Harris,Twila
661,Lindsey,Corrine
662,Shelby,Rebekah
663,Emilio,Renita
664,Freeman,Shauna
665,Gerardo,Karyn
666,Ollie,Sherie
667,Trent,Clarice
668,Benito,Nola
669,Millard,Marina
670,Royal,Millie
671,Ignacio,Mollie
672,Denver,Roxanna
673,Delmar,Dina
674,Hiram,Georgina
675,Monroe,Karol
676,Tad,Lupe
677,Carmine,Melva
678,Stanford,Rosanna
679,Lenard,Danita
680,Zane,Doretha
681,Maynard,Dorinda
682,Anton,Iva
683,Marcel,Bettye
684,Myles,Joe
685,Broderick,Janna
686,Jackson,Megan
687,Ricki,Madonna
688,Booker,Randy
689,Clair,Kerri
690,Brendan,Debi
691,Douglass,Minerva
692,Efrain,Juliana
693,Everette,Marybeth
694,Carson,Charla
695,Gustavo,Freida
696,Les,Abigail
697,Noe,Jannie
698,Brooks,Graciela
699,Gail,Mercedes
700,Saul,Kyle
701,Arlen,Mariann
702,Chip,Vikki
703,Del,Willa
704,Lenny,Maribeth
705,Randel,Tommie
706,Alden,Tonia
707,Mervin,Carmela
708,Buford,Joanie
709,Kelley,Katheryn
710,Fritz,Alexis
711,Johnathan,Erica
712,Linda,Mabel
713,Nickolas,Marylou
714,Duke,Ollie
715,Errol,Teressa
716,Irwin,Nannette
717,Toney,Addie
718,Basil,Gisele
719,Connie,Leila
720,Dickie,Mara
721,Dwaine,Susanna
722,Marcos,Gilda
723,Nicolas,Aileen
724,Ritchie,Cathrine
725,Rogers,Felecia
726,Thad,Harriett
727,Vicente,Caryl
728,Augustine,Dorthy
729,Blane,Francis
730,Curtiss,Jimmie
731,Patricia,Dottie
732,Silas,Deann
733,Hilton,Aurora
734,Jordan,Delilah
735,Lemuel,Eula
736,Wilford,Jaye
737,Cesar,Nikki
738,Lavern,Cara
739,Coleman,Clarissa
740,Jeremy,Marci
741,Leigh,Alexandra
742,Major,Caron
743,Adolfo,Lorena
744,Anderson,Neva
745,Bud,Raquel
746,Eloy,Karan
747,Gearld,Tricia
748,Glynn,Marietta
749,Rand,Queen
750,Graham,Leeann
751,Lindsay,Darleen
752,Gil,Gena
753,Hayward,Sybil
754,Isaiah,Cornelia
755,Otha,Sherryl
756,Dalton,Annmarie
757,Gino,Cecile
758,Raphael,Christa
759,Rayford,Deidre
760,Rolland,May
761,Sherwood,Jacklyn
762,Bruno,Libby
763,Deborah,Louann
764,Erick,Maryjo
765,Forest,Ester
766,Mel,Kandy
767,Stevan,Lilly
768,Carol,Aida
769,Davy,Donita
770,Donell,Hilary
771,Felton,Milagros
772,Hershel,Earline
773,Johnie,Fran
774,Lawerence,Jewell
775,Mason,Lavern
776,Stacey,Reva
777,Cyril,Bernadine
778,Earle,Carmella
779,Farrell,Frieda
780,Greggory,Rosario
781,Humberto,Vonda
782,Dusty,Lily
783,Stanton,Peggie
784,Carnell,Carey
785,Cleo,David
786,Debra,Estelle
787,Huey,Kelley
788,Jarvis,Shirlene
789,Jere,Charles
790,Cyrus,Lottie
791,Damian,Pearlie
792,Donovan,Tracie
793,Erich,Velda
794,Stefan,William
795,Cruz,Bethany
796,Dee,Marilee
797,Emmanuel,Meryl
798,Isiah,Mimi
799,Kevan,Sandi
800,Mckinley,Delphine
801,Theron,Aleta
802,Benedict,Danna
803,Carlo,Judi
804,Emerson,Lourdes
805,Foster,Celestine
806,Herschel,Leola
807,Houston,Nicole
808,Wardell,Jacquline
809,Courtney,Opal
810,Edwardo,Lizzie
811,Joaquin,Madelyn
812,Laverne,Valencia
813,Milo,Debbi
814,Robbin,Mickey
815,Wilton,Joycelyn
816,Derwin,Reta
817,Elroy,Cherrie
818,Leonardo,Jenifer
819,Michale,Tana
820,Woody,Twyla
821,Wilburn,Eddie
822,Alphonse,Consuelo
823,Artie,Lise
824,Boyce,Pamella
825,Bret,Cheryll
826,Burl,Lucretia
827,Gaylon,Margery
828,Haywood,Mavis
829,Lesley,Retha
830,Maxwell,Cleo
831,Omar,Dian
832,Rubin,Evangeline
833,Art,Francesca
834,Raleigh,Roseanne
835,Emmitt,Sherree
836,Gaylord,Lawanda
837,Jared,Louisa
838,Judson,Zelda
839,Kraig,Hannah
840,Ty,Jacalyn
841,Wally,Migdalia
842,Chet,Beulah
843,Kit,Lindy
844,Len,Magdalena
845,Odis,Venita
846,Quintin,Dani
847,Raymon,Joellen
848,Wilmer,Leta
849,Berry,Lorelei
850,Emile,Carmel
851,Geary,Cherri
852,Napoleon,Daryl
853,Taylor,Freddie
854,Alvis,Jann
855,Dell,Lizabeth
856,Dewitt,Ronnie
857,Fidel,Sheena
858,Jonas,Carleen
859,Lacy,Catharine
860,Barbara,Starr
861,Delton,Susana
862,Paris,Pennie
863,Alec,Portia
864,Gregorio,Roni
865,Mitch,Ursula
866,Timmie,Alyce
867,Xavier,Barbra
868,Dennie,Alana
869,Domenic,Candis
870,Fletcher,Dara
871,Lyman,Gerri
872,Michal,Goldie
873,Milford,Kelli
874,Prince,Marty
875,Agustin,Richard
876,Carleton,Shawna
877,Hugo,Effie
878,Kirt,Jerilyn
879,Lincoln,Martina
880,Carmelo,Barb
881,Darold,Corliss
882,Delmer,Janeen
883,Issac,Joleen
884,Karen,Tami
885,Layne,Adela
886,Lorin,Athena
887,Lupe,Madeleine
888,Cody,Bettina
889,Ezra,Kathey
890,Jacques,Mickie
891,Rolf,Ronna
892,Cal,Callie
893,Esteban,Camilla
894,Ike,Cary
895,Lucius,Juliann
896,Normand,Romona
897,Rich,Dayna
898,Artis,Jacque
899,Bertram,Josefina
900,Eliot,Juliet
901,Leander,Lauretta
902,Lynwood,Sharen
903,Mac,Angel
904,Tab,Dollie
905,Brock,Ginny
906,Timmothy,Kellie
907,Augustus,Ophelia
908,Cris,Oralia
909,Enoch,Vernell
910,Gerold,Amber
911,Lex,Annetta
912,Rodrick,Ola
913,Skip,Shellie
914,Susan,Starla
915,Sydney,Angelita
916,Tracey,Daria
917,Warner,Elyse
918,Buster,Juana
919,Duwayne,Marlys
920,Ferdinand,Rachael
921,Gavin,Rowena
922,Jace,Sophia
923,Jefferey,Winona
924,Murphy,Lona
925,Olin,Lorinda
926,Quinton,Sydney
927,Waymon,Lonnie
928,Alfonzo,Wendi
929,Ashley,Cathey
930,Dann,Gaylene
931,Demetrius,Petra
932,Franklyn,Treva
933,Kem,Abby
934,Brion,Liz
935,Britt,Alta
936,Elmo,Cassie
937,Gayle,Jeanna
938,Lorenza,Kara
939,Willam,Leisa
940,Arden,Taryn
941,Cleve,Merri
942,Donna,Selma
943,Ethan,Vernita
944,Lauren,Charleen
945,Maxie,Paige
946,Pasquale,Rhea
947,Andrea,Suzann
948,Cole,Angeline
949,Dorsey,Chandra
950,Hunter,Dori
951,Lennie,Matilda
952,Malcom,Jannette
953,Von,Nicki
954,Bradly,Odessa
955,Columbus,Rosita
956,Cynthia,Venus
957,Dante,Elnora
958,Edison,Laurene
959,Evans,Marita
960,Melton,Antionette
961,Rhett,Glendora
962,Scottie,Jami
963,Baron,Meg
964,Barrett,Millicent
965,Barron,Cristina
966,Federico,Elissa
967,Heriberto,Phoebe
968,Richie,Adrian
969,Adan,Delma
970,Alva,Kate
971,Buck,Monique
972,Elden,Sharyn
973,Kennth,Stacie
974,King,Suellen
975,Lary,Toby
976,Renaldo,Veda
977,Renard,Annamarie
978,Talmadge,Carmelita
979,Trevor,Carolina
980,Williams,Corine
981,Aldo,Eliza
982,Arlin,Glynis
983,Desi,Jerrie
984,Genaro,Juli
985,Hoyt,Justine
986,Quincy,Leanna
987,Reese,Letitia
988,Bartholomew,Maritza
989,Brice,Merle
990,Cletus,Merrie
991,Denzil,Babette
992,Dwane,Beryl
993,Eldridge,Bobby
994,Hosea,Lani
995,Jame,Larry
996,Arnulfo,Nell
997,Aron,Rona
998,Darell,Adrianne
999,Desmond,Debroah
1000,Howell,Elida